{"TimeStamp":"2025-11-08T22:38:01Z","SiteName":"PoDropSquare","RequestId":"8e5466d2-bcf3-11f0-bb73-7ced8d62668a","Kind":"ZipDeploy","Status":"Success","Details":"{\"Id\":\"c5a31a159f0d4e4da74777b641b152bf\",\"Status\":4,\"StatusText\":\"\",\"AuthorEmail\":\"N/A\",\"Author\":\"N/A\",\"Message\":\"Created via a push deployment\",\"Progress\":\"\",\"Deployer\":\"ZipDeploy\",\"ReceivedTime\":\"2025-11-08T22:37:54.7385963Z\",\"StartTime\":\"2025-11-08T22:37:54.8479526Z\",\"EndTime\":\"2025-11-08T22:38:01.602802Z\",\"LastSuccessEndTime\":\"2025-11-08T22:38:01.602802Z\",\"Complete\":true,\"IsTemporary\":false,\"IsReadOnly\":true,\"SiteName\":\"PoDropSquare\",\"HostName\":\"podropsquare.scm.azurewebsites.net\",\"ProjectType\":\"BASIC\",\"VsProjectId\":null}"}