<step title="Incoming Request" date="2025-11-08T20:21:35.719" instance="a6e48b" url="/api/zipdeploy?isAsync=true" method="POST" type="request" pid="2116,2,11" Cache-Control="no-cache" Connection="Keep-Alive" Content-Length="31297900" Content-Type="application/octet-stream" Accept="*/*" Accept-Encoding="gzip, deflate" Authorization="Bea..." Host="podropsquare.scm.azurewebsites.net" User-Agent="AZURECLI/2.78.0 (DEB)" x-ms-client-request-id="771cb1d0-bce0-11f0-bb73-7c1e52b55b43" X-ARR-LOG-ID="771cb1d0-bce0-11f0-bb73-7c1e52b55b43" CLIENT-IP="135.119.238.193:22528" X-SITE-DEPLOYMENT-ID="PoDropSquare" WAS-DEFAULT-HOSTNAME="podropsquare.scm.azurewebsites.net" X-Forwarded-Proto="https" X-AppService-Proto="https" X-Forwarded-TlsVersion="1.3" X-WAWS-Unencoded-URL="/api/zipdeploy?isAsync=true" X-MS-COLDSTART="1" >
  <step title="ZipPushDeploy" date="2025-11-08T20:21:37.063" >
    <step title="ZipDeploy. Extract zip. " date="2025-11-08T20:21:37.078" /><!-- duration: 0ms -->
    <step title="Starting PushDeployAsync" date="2025-11-08T20:21:37.094" /><!-- duration: 0ms -->
    <step title="Updating shutdown sentinel last write time" date="2025-11-08T20:21:37.610" SemaphoreCount="7" /><!-- duration: 0ms -->
    <step title="LockFile &apos;C:\home\site\locks\deployments.lock&apos; acquired" date="2025-11-08T20:21:37.625" /><!-- duration: 0ms -->
    <step title="Saving request content to C:\local\Temp\zipdeploy\qatbezwl.zip" date="2025-11-08T20:21:37.656" >
      <step title="Total 31,297,900 bytes written to C:\local\Temp\zipdeploy\qatbezwl.zip" date="2025-11-08T20:21:38.438" /><!-- duration: 16ms -->
    </step><!-- duration: 797ms -->
    <step title="LockFile &apos;C:\home\site\locks\deployments.lock&apos; released" date="2025-11-08T20:21:38.454" /><!-- duration: 0ms -->
    <step title="Deleting shutdown sentinel file" date="2025-11-08T20:21:38.470" SemaphoreCount="8" /><!-- duration: 0ms -->
    <step title="Starting FetchDeploy" date="2025-11-08T20:21:38.470" /><!-- duration: 16ms -->
    <step title="Start deployment in the background" date="2025-11-08T20:21:38.485" /><!-- duration: 266ms -->
  </step><!-- duration: 1688ms -->
  <step title="Outgoing response" date="2025-11-08T20:21:38.813" type="response" statusCode="202" statusText="Accepted" Server="Microsoft-IIS/10.0" x-ms-request-id="771cb1d0-bce0-11f0-bb73-7c1e52b55b43" Retry-After="30" Cache-Control="private" X-AspNet-Version="4.0.30319" Location="https://podropsquare.scm.azurewebsites.net/api/deployments/latest?deployer=ZipDeploy&amp;time=2025-11-08_20-21-38Z" /><!-- duration: 0ms -->
</step><!-- duration: 3110ms -->
