<step title="BackgroundTrace" date="2025-11-08T22:37:53.519" instance="a6e48b" url="/api/zipdeploy" method="POST" >
  <step title="Updating shutdown sentinel last write time" date="2025-11-08T22:37:53.551" SemaphoreCount="7" /><!-- duration: 16ms -->
  <step title="LockFile &apos;C:\home\site\locks\deployments.lock&apos; acquired" date="2025-11-08T22:37:53.566" /><!-- duration: 0ms -->
  <step title="Creating temporary deployment" date="2025-11-08T22:37:53.566" /><!-- duration: 47ms -->
  <step title="Performing fetch based deployment" date="2025-11-08T22:37:53.613" >
    <step title="Fetching changes." date="2025-11-08T22:37:53.660" /><!-- duration: 16ms -->
    <step title="Starting LocalZipHandler" date="2025-11-08T22:37:53.676" /><!-- duration: 0ms -->
    <step title="Cleaning up temp folders from previous zip deployments and extracting pushed zip file C:\local\Temp\zipdeploy\aipicd1p.zip (29.85 MB) to C:\local\Temp\zipdeploy\extracted" date="2025-11-08T22:37:53.707" /><!-- duration: 0ms -->
    <step title="Cleaning up temp folders from previous zip deployments and extracting pushed zip file C:\local\Temp\zipdeploy\aipicd1p.zip (29.85 MB) to C:\local\Temp\zipdeploy\extracted" date="2025-11-08T22:37:53.707" >
      <step title="Extracting 600 entries to C:\local\Temp\zipdeploy\extracted directory" date="2025-11-08T22:37:53.738" >
        <step title="Extracting to C:\local\Temp\zipdeploy\extracted\OpenTelemetry.Exporter.Console.dll ..." date="2025-11-08T22:37:53.738" /><!-- duration: 0ms -->
        <step title="Extracting to C:\local\Temp\zipdeploy\extracted\Microsoft.Extensions.Configuration.FileExtensions.dll ..." date="2025-11-08T22:37:53.754" /><!-- duration: 0ms -->
        <step title="Extracting to C:\local\Temp\zipdeploy\extracted\Microsoft.Extensions.Primitives.dll ..." date="2025-11-08T22:37:53.754" /><!-- duration: 0ms -->
        <step title="Extracting to C:\local\Temp\zipdeploy\extracted\Microsoft.AI.ServerTelemetryChannel.dll ..." date="2025-11-08T22:37:53.754" /><!-- duration: 16ms -->
        <step title="Extracting to C:\local\Temp\zipdeploy\extracted\Microsoft.Extensions.DependencyInjection.dll ..." date="2025-11-08T22:37:53.769" /><!-- duration: 0ms -->
        <step title="Omitting extracting file traces ..." date="2025-11-08T22:37:53.769" /><!-- duration: 16ms -->
      </step><!-- duration: 953ms -->
    </step><!-- duration: 1000ms -->
    <step title="Before sending BuildRequestReceived status to /api/updatedeploystatus" date="2025-11-08T22:37:54.707" /><!-- duration: 0ms -->
    <step title="DeploymentManager.Deploy(id:c5a31a159f0d4e4da74777b641b152bf)" date="2025-11-08T22:37:54.722" >
      <step title="Collecting changeset information" date="2025-11-08T22:37:54.738" /><!-- duration: 16ms -->
      <step title="Updating submodules" date="2025-11-08T22:37:54.754" >
        <step title="Updating submodules." date="2025-11-08T22:37:54.785" /><!-- duration: 0ms -->
      </step><!-- duration: 31ms -->
      <step title="Preparing deployment for commit id &apos;c5a31a159f&apos;." date="2025-11-08T22:37:54.832" /><!-- duration: 0ms -->
      <step title="Determining deployment builder" date="2025-11-08T22:37:54.847" >
        <step title="Builder is BasicBuilder" date="2025-11-08T22:37:54.863" /><!-- duration: 0ms -->
      </step><!-- duration: 16ms -->
      <step title="Copying SSH keys" date="2025-11-08T22:37:54.879" /><!-- duration: 0ms -->
      <step title="Building" date="2025-11-08T22:37:54.879" >
        <step title="Generating deployment script." date="2025-11-08T22:37:54.910" /><!-- duration: 0ms -->
        <step title="Generating deployment script" date="2025-11-08T22:37:54.910" >
          <step title="Using cached version of the deployment script for command: -y --no-dot-deployment -r &quot;C:\local\Temp\zipdeploy\extracted&quot; -o &quot;C:\home\site\deployments\tools&quot; --basic --sitePath &quot;C:\local\Temp\zipdeploy\extracted&quot;" date="2025-11-08T22:37:54.957" /><!-- duration: 0ms -->
          <step title="Using cached version of deployment script (command: &apos;azure -y --no-dot-deployment -r &quot;C:\local\Temp\zipdeploy\extracted&quot; -o &quot;C:\home\site\deployments\tools&quot; --basic --sitePath &quot;C:\local\Temp\zipdeploy\extracted&quot;&apos;)." date="2025-11-08T22:37:54.957" /><!-- duration: 0ms -->
        </step><!-- duration: 47ms -->
        <step title="Running deployment command..." date="2025-11-08T22:37:54.988" /><!-- duration: 0ms -->
        <step title="Command: &quot;C:\home\site\deployments\tools\deploy.cmd&quot;" date="2025-11-08T22:37:55.004" /><!-- duration: 0ms -->
        <step title="Executing external process" date="2025-11-08T22:37:55.019" type="process" path="starter.cmd" arguments="&quot;C:\home\site\deployments\tools\deploy.cmd&quot;" >
          <step title="Handling Basic Web Site deployment." date="2025-11-08T22:37:55.144" /><!-- duration: 0ms -->
          <step title="Creating app_offline.htm" date="2025-11-08T22:37:55.504" /><!-- duration: 0ms -->
          <step title="KuduSync.NET from: &apos;C:\local\Temp\zipdeploy\extracted&apos; to: &apos;C:\home\site\wwwroot&apos;" date="2025-11-08T22:37:55.504" /><!-- duration: 0ms -->
          <step title="Copying file: &apos;appsettings.Development.json&apos;" date="2025-11-08T22:37:55.519" /><!-- duration: 0ms -->
          <step title="Copying file: &apos;appsettings.json&apos;" date="2025-11-08T22:37:55.519" /><!-- duration: 16ms -->
          <step title="Copying file: &apos;Azure.Core.dll&apos;" date="2025-11-08T22:37:55.535" /><!-- duration: 0ms -->
          <step title="Copying file: &apos;Azure.Data.Tables.dll&apos;" date="2025-11-08T22:37:55.535" /><!-- duration: 0ms -->
          <step title="Copying file: &apos;Azure.Monitor.OpenTelemetry.AspNetCore.dll&apos;" date="2025-11-08T22:37:55.551" /><!-- duration: 0ms -->
          <step title="Copying file: &apos;Azure.Monitor.OpenTelemetry.Exporter.dll&apos;" date="2025-11-08T22:37:55.551" /><!-- duration: 0ms -->
          <step title="Copying file: &apos;Microsoft.AI.DependencyCollector.dll&apos;" date="2025-11-08T22:37:55.566" /><!-- duration: 0ms -->
          <step title="Copying file: &apos;Microsoft.AI.EventCounterCollector.dll&apos;" date="2025-11-08T22:37:55.566" /><!-- duration: 0ms -->
          <step title="Copying file: &apos;Microsoft.AI.PerfCounterCollector.dll&apos;" date="2025-11-08T22:37:55.582" /><!-- duration: 0ms -->
          <step title="Copying file: &apos;Microsoft.AI.ServerTelemetryChannel.dll&apos;" date="2025-11-08T22:37:55.582" /><!-- duration: 0ms -->
          <step title="Copying file: &apos;Microsoft.AI.WindowsServer.dll&apos;" date="2025-11-08T22:37:55.629" /><!-- duration: 0ms -->
          <step title="Copying file: &apos;Microsoft.ApplicationInsights.AspNetCore.dll&apos;" date="2025-11-08T22:37:55.629" /><!-- duration: 0ms -->
          <step title="Copying file: &apos;Microsoft.ApplicationInsights.dll&apos;" date="2025-11-08T22:37:55.644" /><!-- duration: 0ms -->
          <step title="Copying file: &apos;Microsoft.AspNetCore.Authorization.dll&apos;" date="2025-11-08T22:37:55.660" /><!-- duration: 0ms -->
          <step title="Copying file: &apos;Microsoft.AspNetCore.Components.dll&apos;" date="2025-11-08T22:37:55.660" /><!-- duration: 0ms -->
          <step title="Copying file: &apos;Microsoft.AspNetCore.Components.Forms.dll&apos;" date="2025-11-08T22:37:55.660" /><!-- duration: 16ms -->
          <step title="Copying file: &apos;Microsoft.AspNetCore.Components.Web.dll&apos;" date="2025-11-08T22:37:55.676" /><!-- duration: 0ms -->
          <step title="Copying file: &apos;Microsoft.AspNetCore.Components.WebAssembly.dll&apos;" date="2025-11-08T22:37:58.458" /><!-- duration: 16ms -->
          <step title="Copying file: &apos;Microsoft.AspNetCore.Components.WebAssembly.Server.dll&apos;" date="2025-11-08T22:37:58.473" /><!-- duration: 0ms -->
          <step title="Copying file: &apos;Microsoft.AspNetCore.Metadata.dll&apos;" date="2025-11-08T22:37:58.473" /><!-- duration: 16ms -->
          <step title="Copying file: &apos;Microsoft.AspNetCore.OpenApi.dll&apos;" date="2025-11-08T22:37:58.489" /><!-- duration: 0ms -->
          <step title="Copying file: &apos;Microsoft.Bcl.AsyncInterfaces.dll&apos;" date="2025-11-08T22:37:58.505" /><!-- duration: 0ms -->
          <step title="Copying file: &apos;Microsoft.Extensions.Caching.Abstractions.dll&apos;" date="2025-11-08T22:37:58.505" /><!-- duration: 0ms -->
          <step title="Copying file: &apos;Microsoft.Extensions.Caching.Memory.dll&apos;" date="2025-11-08T22:37:58.520" /><!-- duration: 0ms -->
          <step title="Copying file: &apos;Microsoft.Extensions.Configuration.Abstractions.dll&apos;" date="2025-11-08T22:37:58.520" /><!-- duration: 0ms -->
          <step title="Copying file: &apos;Microsoft.Extensions.Configuration.Binder.dll&apos;" date="2025-11-08T22:37:58.520" /><!-- duration: 16ms -->
          <step title="Copying file: &apos;Microsoft.Extensions.Configuration.dll&apos;" date="2025-11-08T22:37:58.536" /><!-- duration: 0ms -->
          <step title="Copying file: &apos;Microsoft.Extensions.Configuration.FileExtensions.dll&apos;" date="2025-11-08T22:37:58.536" /><!-- duration: 16ms -->
          <step title="Copying file: &apos;Microsoft.Extensions.Configuration.Json.dll&apos;" date="2025-11-08T22:37:58.551" /><!-- duration: 0ms -->
          <step title="Copying file: &apos;Microsoft.Extensions.DependencyInjection.Abstractions.dll&apos;" date="2025-11-08T22:37:58.551" /><!-- duration: 0ms -->
          <step title="Copying file: &apos;Microsoft.Extensions.DependencyInjection.dll&apos;" date="2025-11-08T22:37:58.567" /><!-- duration: 0ms -->
          <step title="Copying file: &apos;Microsoft.Extensions.DependencyModel.dll&apos;" date="2025-11-08T22:37:58.567" /><!-- duration: 0ms -->
          <step title="Copying file: &apos;Microsoft.Extensions.Diagnostics.Abstractions.dll&apos;" date="2025-11-08T22:37:58.583" /><!-- duration: 0ms -->
          <step title="Copying file: &apos;Microsoft.Extensions.Diagnostics.HealthChecks.Abstractions.dll&apos;" date="2025-11-08T22:37:58.583" /><!-- duration: 0ms -->
          <step title="Copying file: &apos;Microsoft.Extensions.Diagnostics.HealthChecks.dll&apos;" date="2025-11-08T22:37:58.598" /><!-- duration: 0ms -->
          <step title="Copying file: &apos;Microsoft.Extensions.FileProviders.Abstractions.dll&apos;" date="2025-11-08T22:37:58.614" /><!-- duration: 0ms -->
          <step title="Copying file: &apos;Microsoft.Extensions.FileProviders.Physical.dll&apos;" date="2025-11-08T22:37:58.614" /><!-- duration: 0ms -->
          <step title="Copying file: &apos;Microsoft.Extensions.FileSystemGlobbing.dll&apos;" date="2025-11-08T22:37:58.630" /><!-- duration: 0ms -->
          <step title="Copying file: &apos;Microsoft.Extensions.Hosting.Abstractions.dll&apos;" date="2025-11-08T22:37:58.630" /><!-- duration: 0ms -->
          <step title="Copying file: &apos;Microsoft.Extensions.Logging.Abstractions.dll&apos;" date="2025-11-08T22:37:58.645" /><!-- duration: 0ms -->
          <step title="Copying file: &apos;Microsoft.Extensions.Logging.ApplicationInsights.dll&apos;" date="2025-11-08T22:37:58.645" /><!-- duration: 0ms -->
          <step title="Copying file: &apos;Microsoft.Extensions.Logging.dll&apos;" date="2025-11-08T22:37:58.661" /><!-- duration: 0ms -->
          <step title="Copying file: &apos;Microsoft.Extensions.Options.dll&apos;" date="2025-11-08T22:37:58.661" /><!-- duration: 0ms -->
          <step title="Copying file: &apos;Microsoft.Extensions.Primitives.dll&apos;" date="2025-11-08T22:37:58.661" /><!-- duration: 0ms -->
          <step title="Copying file: &apos;Microsoft.FluentUI.AspNetCore.Components.dll&apos;" date="2025-11-08T22:37:58.676" /><!-- duration: 0ms -->
          <step title="Copying file: &apos;Microsoft.JSInterop.dll&apos;" date="2025-11-08T22:37:58.676" /><!-- duration: 0ms -->
          <step title="Copying file: &apos;Microsoft.JSInterop.WebAssembly.dll&apos;" date="2025-11-08T22:37:58.692" /><!-- duration: 0ms -->
          <step title="Copying file: &apos;Microsoft.OpenApi.dll&apos;" date="2025-11-08T22:37:58.692" /><!-- duration: 0ms -->
          <step title="Omitting next output lines..." date="2025-11-08T22:37:58.708" /><!-- duration: 0ms -->
          <step title="Finished successfully." date="2025-11-08T22:38:01.477" /><!-- duration: 0ms -->
        </step><!-- duration: 6474ms -->
        <step title="Running post deployment command(s)..." date="2025-11-08T22:38:01.509" /><!-- duration: 0ms -->
        <step title="Triggering recycle (preview mode disabled)." date="2025-11-08T22:38:01.555" /><!-- duration: 0ms -->
        <step title="Ignoring FS watcher based recycle request as this is a classic Windows app." date="2025-11-08T22:38:01.555" /><!-- duration: 0ms -->
        <step title="Deployment successful. DEPLOYMENTINFO: deploymentPath = ZipDeploy. Extract zip. , deployer = ZipDeploy, os = windows, sku = Free, siteName = PoDropSquare, siteHostName = podropsquare.azurewebsites.net, deploymentStatus = Success" date="2025-11-08T22:38:01.587" /><!-- duration: 0ms -->
      </step><!-- duration: 6770ms -->
    </step><!-- duration: 6927ms -->
    <step title="Cleaning up temp files" date="2025-11-08T22:38:01.665" /><!-- duration: 0ms -->
    <step title="Skip function trigger and logicapp sync because function is not enabled." date="2025-11-08T22:38:01.665" /><!-- duration: 0ms -->
  </step><!-- duration: 8067ms -->
  <step title="LockFile &apos;C:\home\site\locks\deployments.lock&apos; released" date="2025-11-08T22:38:01.680" /><!-- duration: 0ms -->
  <step title="Deleting shutdown sentinel file" date="2025-11-08T22:38:01.696" SemaphoreCount="8" /><!-- duration: 0ms -->
</step><!-- duration: 8177ms -->
