<step title="Incoming Request" date="2025-11-08T22:37:53.254" instance="a6e48b" url="/api/zipdeploy?isAsync=true" method="POST" type="request" pid="7452,2,20" Cache-Control="no-cache" Content-Length="31297997" Content-Type="application/octet-stream" Accept="*/*" Accept-Encoding="gzip, deflate" Authorization="Bea..." Host="podropsquare.scm.azurewebsites.net" User-Agent="AZURECLI/2.78.0 (DEB)" x-ms-client-request-id="8e5466d2-bcf3-11f0-bb73-7ced8d62668a" X-ARR-LOG-ID="8e5466d2-bcf3-11f0-bb73-7ced8d62668a" CLIENT-IP="172.215.217.242:17424" X-SITE-DEPLOYMENT-ID="PoDropSquare" WAS-DEFAULT-HOSTNAME="podropsquare.scm.azurewebsites.net" X-Forwarded-Proto="https" X-AppService-Proto="https" X-Forwarded-TlsVersion="1.3" X-WAWS-Unencoded-URL="/api/zipdeploy?isAsync=true" >
  <step title="Cleanup Xml Logs" date="2025-11-08T22:37:53.254" /><!-- duration: 16ms -->
  <step title="ZipPushDeploy" date="2025-11-08T22:37:53.285" >
    <step title="ZipDeploy. Extract zip. " date="2025-11-08T22:37:53.285" /><!-- duration: 0ms -->
    <step title="Starting PushDeployAsync" date="2025-11-08T22:37:53.285" /><!-- duration: 0ms -->
    <step title="Updating shutdown sentinel last write time" date="2025-11-08T22:37:53.301" SemaphoreCount="7" /><!-- duration: 0ms -->
    <step title="LockFile &apos;C:\home\site\locks\deployments.lock&apos; acquired" date="2025-11-08T22:37:53.301" /><!-- duration: 0ms -->
    <step title="Saving request content to C:\local\Temp\zipdeploy\aipicd1p.zip" date="2025-11-08T22:37:53.301" >
      <step title="Total 31,297,997 bytes written to C:\local\Temp\zipdeploy\aipicd1p.zip" date="2025-11-08T22:37:53.472" /><!-- duration: 16ms -->
    </step><!-- duration: 188ms -->
    <step title="LockFile &apos;C:\home\site\locks\deployments.lock&apos; released" date="2025-11-08T22:37:53.488" /><!-- duration: 0ms -->
    <step title="Deleting shutdown sentinel file" date="2025-11-08T22:37:53.504" SemaphoreCount="8" /><!-- duration: 0ms -->
    <step title="Starting FetchDeploy" date="2025-11-08T22:37:53.504" /><!-- duration: 16ms -->
    <step title="Start deployment in the background" date="2025-11-08T22:37:53.519" /><!-- duration: 94ms -->
  </step><!-- duration: 328ms -->
  <step title="Outgoing response" date="2025-11-08T22:37:53.629" type="response" statusCode="202" statusText="Accepted" Server="Microsoft-IIS/10.0" x-ms-request-id="8e5466d2-bcf3-11f0-bb73-7ced8d62668a" Retry-After="30" Cache-Control="private" X-AspNet-Version="4.0.30319" Location="https://podropsquare.scm.azurewebsites.net/api/deployments/latest?deployer=ZipDeploy&amp;time=2025-11-08_22-37-53Z" /><!-- duration: 0ms -->
</step><!-- duration: 375ms -->
